序号,昵称,"Week24
6.7～6.14","Week23
5.31～6.7","Week22
5.24～5.31","Week21
5.17~5.24","Week20
5.10～5.17","Week19
5.3～5.10","Week18
4.26～5.3","Week17
4.19～4.26","Week16
4.13～4.19","Week15
4.5～4.12","Week14
3.29～4.5","Week13
3.22～3.29","Week12
3.15～3.22","Week11
3.8～3.15","Week10
3.1～3.8","Week9
2.22～3.1","Week8
2.15～2.22","Week7
2.8～2.15","Week6
2.1～2.8","Week5
1.25～2.1","Week4
1.18～1.25","Week3
1.11～1.18","Week2
2026.1.4-2026.1.11","Week1
2025.12.28-2026.1.4","Week52
2025.12.21-12.28","Week51
2025.12.14-12.21","Week50
2025.12.7-12.14","Week49
2025.11.30-12.7","Week48
2025.11.23-11.30","Week47 
2025.11.16-11.23（20:00）",
,周总分享本数,84,82,72,86,80,104,74,69,75,98,92,62,85,72,81,73,67,53,78,60,65,75,65,66,,,,,,,
,周总打卡人数,61,58,60,71,63,76,61,57,58,70,69,46,67,60,66,55,58,47,62,54,55,57,55,53,,,,,,,
1,梅梅,"《Indian Textiles in the East》
 《机械复制时代的艺术》
 《fetish》
",,"《艺术特征论》
《80后摩梭女达布口述生活史》",《记忆的性别》,,"《材料与谱系》
《秧歌》
《山中的乡土》",《第八日的蝉》,"《紫丁香冷的街道》
《癌症楼》","《浮岛》
《卡拉马佐夫兄弟》
《迷失》",《战争，战争，战争》,《呼啸山庄》,"《三个折不断的女人》
《西南中国纪行》
《在德黑兰读洛丽塔》","《二十世纪西方艺术社会学精粹》
《面料的隐喻性》《家屋与家先》
《被冻住的女人》《另一个女孩》","《东亚服饰文化交流研究》
《中华传统服饰文化翻译协调美》
《中国贵州省施洞苗族围腰之研究》","《女性艺术：女性主义作为方式》
《服饰礼仪》
《中国彝族传统服饰图典》",,"《一场对谈》
《茶马古道》",,《莉莉亚娜不可战胜的夏天》,"《天真的人类学家》
《我是寨子里长大的女孩》",《长征》,"《肖像画的凝视》
《小团圆》
《张爱玲传》
《易经》",,《哈尼族文化初探》,《中国电影中水影像的文化书写》,《雪山之书》,"《历史与阶级意识》
《油炸绿番茄》
《白鹤亮翅》
《逃离》","《藏彝走廊：文化多样性、族际互动与发展》
《民族服饰：一种文化符号：中国西南少数民族服饰文化研究》
《旅游影响下的阿细女性》","《守望传统：在田野寻找人文》
《信》
《云海中的奇婚女性》
《伍尔夫的阅读课》
《午夜北平：民国奇案1937》
《归程：藏彝走廊尔苏藏族神话民族志》","《勒索 勒索》
《删除咒骂》
《梁庄在中国》
《雷峰塔》 
《大众文化的女性主义指南》",
2,小胖雀儿,《世界坟墓里的安娜·尹》,"《最后的故事》
《不吠》
《房思琪的初恋乐园》",《The Ungrateful Refugee》,《Scattered All Over the Earth》,《蛇结》,"《和爱迪做个了断》
《一个女性的抗争与蜕变》
《谁杀了我的父亲》
《地球星人》
《父权制应激障碍》",《吃佛》,《相片之用》,《驼背》,《长女病》,"《爱的荒漠》
《网路性猎场》
《收留》
《竹林姐妹》",《台湾漫游录》,"《友尽》
《小碎肉末》
《进烤箱的好日子》",《奇想之年》,"《Women without men》
《冬奥简史》
《谁来决定吃什么》","《塔尔奎尼亚的小马》
《不止文静》
《政治中的谎言》
《锌皮娃娃兵》
《Same River Twice》","《水随天去》
《赤脚医生》
《呼啸山庄》","《相遇》
《击壤歌》","《长征》
《此生，你我皆短暂灿烂》
《野火集》
《逃走的人》","《黄色墙纸》
《太阳的阴影》","《我选择独自一人》
《The Wedding People》","《阿加莎自传》
《The Correspondent》","《背德者》
《弃夫潜逃》
《我在北京送快递》",《Our Missing Heart》,"《幸福的陷阱》
《Things in Nature Merely Grow》
《看那些灯光，亲爱的》
《献灯使》
《小小小小的火》",《芭芭雅嘎下了个蛋》,"《大河移民上访的故事》
《哀悼乳房》","《独居日记》
《走夜路请放声歌唱》
《钟形罩》","《爱》
《与语言的漫步日记》","《豆汁记》
《泛若不系之舟》",
3,Key,《我是在寨子里长大的女孩 》,,《留情》,,《孤独的池塘》,《一篮云杉球果》,,《天色已晚》,《danny boy》,《占据》,《圣母》,,《蓝色天竺葵的诅咒》,《因思念而沉着》,《新手》,,《不上班的这几年》,《驼背》,,《屁屁保养指南》,,《囚徒健身》,《我爱你就像小狗陷在沙发里》,《倾城之恋》,《河流之齿》,《圣诞奇遇》,,《肉桂色铺子及其他故事》,《双生溺影》,《饺子》,
4,Mia,《自我关怀的力量》,《Girl That Invest》,《椰壳外的人生》,《摄影的灵感》,,《钟形罩》,"《原来我可以爱自己》
《挽救计划》",,《流俗地》,,"《她来劈开这山》
《老图片-南京旧影》
《明信片-南京旧影》
《南京味道》《南京城市史》",,《进烤箱的好日子》,《流俗地》,"《人与自然》
《印尼神迹：生命最好的礼物》",《中国国家人文地理·青岛》,《流俗地》,《北京深处》,,,《海边的房间》,,《原来我可以爱自己》,《血孩子》,,《窄门》,"《午夜北平：民国奇案一九三七》
《饺子》",《我已与一万亿株白桦相逢》,《我已与一万亿株白桦相逢》,"《我是寨子里长大的女孩》
《每周工作四小时》",
5,庭壹,《天真与经验》,《差异的政治学》,《哀愁的预感》,《母语之外的旅行》,"《记忆的性别》
《月光的合金》",《蒙马特遗书》,"《迷失》
《刺绣》
《模糊性的道德》",《和语言漫步的日记》,《制度与组织》,《乐之教养》,"《每天学点时间整理术》
《看见中国村镇》
《羞耻》
《美的情绪》","《论老年》
《被冻住的女人》",《民族、国家与暴力》,《进烤箱的好日子》,《民族、国家和暴力》,《我不想知道的事》,《爱玛》,"《小王子》
《被统治的艺术》",《不与天下州府同》,"《昂贵的和平》
《极简音乐史》","《女权主义在中国的翻译历程》
《马勒和1910年的世界》
《萧翁谈乐》
《激情精神》",《巴赫传》,《女性与社会权力系统》,《第二性》,"《布鲁克林有棵树》
《你好，忧愁》
《看那些灯光，亲爱的》","《看见》
《弱者的武器》",《娜拉在中国》,"《钟形罩》
《伟大指挥家》","《流俗地》
《巴黎评论·女性作家访谈》","《和小泽征尔共度的午后》
《运动场内外》
《情为何物》",
6,Jane Austen（移除）,,,,《移民路上的生与死》,,《隐谷路：一个精神分裂症家族的绝望与希望》,,"《边城》
《为奴隶的母亲》",,,,《天真的人类学家》,,"《吃掉那只青蛙》
《灿烂千阳》",,"《马可瓦尔多》
《她来自马里乌波尔》
《根西岛文学和土豆泥俱乐部》",,,"《世界上为什么要有图书馆》
《毫无意义的工作》
《要有光》",,,《天真的人类学家》,《要有光》,《寂静的孩子》,,,《幸得诸君慰平生》,《微尘》,,,
7,竹青,《简单致富》,《梁永安：阅读、游历和爱情》,《女人的出路》,《手机大脑》,《灵魂的劫数》,,《煤气灯效应》,,《小狗疑心大宇宙阴谋篡夺它的位置》,《我才不想做家务》,"《格外的活法》
《独树不成林》
《我的职校学生》",,《女人读书》,《道德浪女》,,《克林索尔的最后夏天》,《道德浪女》,《见书又见林》,《窄门》,,"《基层女性生存指北》
《家庭生活》","《小狗钱钱》
《我的灵魂骑在纸背上》",,,《我的灵魂骑在纸背上》,,《金榜题名之后》,,《人生的每一步都算数》,,
8,洗礼（移除）,,,,,,,,《一个女孩的记忆》,,"《婴幼儿及其照护者》
《竹林姐妹》",《羞耻》,,《赛斯资料》,,,《how to find confident in five minutes a day》,,,《有钱人和你想的不一样》,,《像水一样吧，朋友》,《the simple path to wealth》,,,《粉红色的柔软学习者》,,"《甜与权利》
《六朝文絜》",,《内证观察笔记——真图本中医解剖学纲目》,《洞察生命的实相》,
9,Qy%,,《猫舔过伤口》,《她们的呐喊》,《我是寨子里长大的女孩》,,"《邪恶的幸福》
《私人生活》",,"《进烤箱的好日子》
《当她化身为龙》",,《自行车改变世界》,,,《疼痛的形状》,,《中东生死门》,"《林门郑氏》
《告诉她》",《告诉她》,,《她们的名字》,《打工女孩》,,《油炸绿番茄》,,《油炸绿番茄》,《跑外卖》,,,《洋果子店的午后》,《我的骨头没有忘记》,《午夜北平》,
10,嘟碧嘟碧嘟,《罗亭》,,《七侠五义》,,,《撒哈拉的故事》,,《稻草人手记》,,《烦人的爱》,《羞耻》,,《人生不怕从头再来》,,"《俗世奇人》
《台湾阿姨北大读博记》",,《滚滚红尘》,,《万水千山走遍》,,《雨季不再来》,,,《命悬一线，我不放手》,,,《马伯乐》,,《呼兰河传》,,
11,兔子,《奥兰多》,《她们自己的文学》,《洋果子店的午后》,《丧失了名誉的卡塔琳娜·勃伦姆》,《抬高房梁，木匠们；西摩：小传》,《异端的肖像》,《弗兰妮与祖伊》,《九故事》,《惶然录》,《事件》,《谁来决定吃什么》,《男孩》,《进烤箱的好日子》,《星期天》,《公羊的节日》,《神谕女士》,《惊马奔逃》,《黄油》,《身体从未忘记》,《特别的猫》,《物质生活》,《亲爱的生活》,《如此苍白的心》,"《莉莉亚娜不可战胜的夏天》
《所有悲伤的年轻人》","《铁浆》
《心》
《此生未尽》","《世界上最丑的女人》
《大河湾》
《当我们谈论安妮·弗兰克时我们谈论什么》",,"《幽暗之地》
《邪恶之路》","《白夜》
《我的赛克洛斯》","《雪落香杉树》
《九篇雪》",
12,Jess,,"《脂粉帝国》
《波西米亚香港》",《美国佬》,"《金钱的艺术》
《金钱心理学》","《木麻黄树》
《长岛》",《最初的爱情，最后的仪式》,《伊藤润二的漫画术》,《布鲁克林》,"《邪恶的幸福》
《随机漫步的傻瓜》",《躺不平的千禧一代》,"《新井一二三的东京散步地图》
《写作与生活》",,《上街！寻找超艺术托马森》,《Women‘s Conflicts About Eating and Sexuality》,"《食人挽歌》
《雪国》",《上海宝贝》,《为什么学生不爱学习》,《Red roulett》,《乡土社会》,《大明王朝的七张面孔》,《献灯使》,《我的心迟到了》,《interview with a cannibal》,,"《The Tragedy of Heterosexuality》
《现代艺术150年》",《文本盗猎者》,,"《77街的神龛》
《钟形罩》",,"《上海的狐步舞》
《源泉》",
13,Tree,"《尼罗河上的惨案》
《隐谷路》",《明亮的夜晚》,《信仰》,"《女性的思想》
《占据》",,《我以为这辈子完蛋了》,"《事件》
《我永远也当不了大人》",《现代死亡》,,"《一个人在家可以告别人生吗》
《爱丽尔》",,《逊色》,《进烤箱的好日子》,《我是寨子里长大的女孩》,《上海的狐步舞》,《黄色墙纸》,"《想在天气好时去海边》
《基层女性生存指北》",《你的父母不再是你的父母》,《生死场》,《我不想知道的事》,"《听见》
《替补》",,《阿勒泰的角落》,"《从诗善开始》
《独居日记》",,《痛快的日子》,,《白鹤亮翅》,《other rivers》,,
14,芥,,"《御手洗洁的问候》
《御手洗洁的舞蹈》",《春宵苦短，少女前进吧》,《四叠半神话大系》,,"《林门郑氏》
《我的忐忑人生》",,,,"《白鹤亮翅》
《占据》",,《窄门》,,《初步举证》,《我走不出我的黑夜》,《帷幕》,《谋杀启事》,,,,《Top Girls》,《罗杰疑案》,,《不成熟的父母》,,《钟形罩》,,,《东京八平米》,,
15,李英俊,"《鹅之书》
《外面是夏天》","《罗杰疑案》
《这是可以说的吗？》
《东方快车谋杀案》
《背对世界》","《斯泰尔斯庄园奇案》
《迷失》
《阿加莎克里斯蒂自传》",《血孩子》,《蒙马特遗书》,《东京八平米》,"《你好，忧愁》
《生育制度》",《伤逝》《娜拉走后怎样》,《竹林姐妹》,"《缝纫机与金鱼》
《羞耻》","《其中一句是谎言》
《占据》","《捕云记》
《被冻住的女人》",《我收养了一个朋友》,"《进烤箱的好日子》
《谁来决定吃什么》","《呼兰河传》
《呼啸山庄》","《九诗心》
《暗处的女儿》",《自己的房子》,《弃夫潜逃》,《长征》,"《我选择独自一人》
《第二性》","《生活的代价》
《她弥留之际》","《万历十五年》
《奥兰多》",《濒临狂野的心》,,"《别想摆脱书》
《看那些灯光，亲爱的》
《少年与恶的距离》","《根西岛文学和土豆皮馅饼俱乐部》
《世界上为什么要有图书馆》",,"《钟形罩》
《我准备好了，变老也没关系》",《恶女书架》,《即使以最微弱的光》,
16,言迢迢,"《番石榴飘香》
《阿涅斯的海滩：瓦尔达访谈录》",《伤心咖啡馆之歌》,,"《蜕》
《简单的激情》",,"《明亮的夜晚》
《一个男人的位置》",,"《一个女人的故事》
《控糖革命》",,"《钟形罩》
《我走不出我的黑夜》
《羞耻》",,"《隐形墨水》
《进烤箱的好日子》",,"《即使以最微弱的光》
《乡村医生》",,"《雨天的书》
《终于看见了自己》",,《无薪主妇》,《看那些灯光，亲爱的》,《对我无害之人》,《风景画家的片段人生》,,,"《老房子——俄罗斯的百年历史》
《世界上最长的火车之旅》
《狗心》","《24个菜市场的环球之旅》
《第六病室》",,《复活》,"《泛若不系之舟》
《幸得诸君慰平生》",,《褪色》,
17,玉楼,,《三国演义》,,《赎罪》,,《李光耀观天下》,,《怪屋迷案2》,,"《早安，怪物》
《怪屋迷案》",,,《六个说谎的大学生》,,《六个说谎的大学生》,,《鬼畜之家》,,《剪刀男》,,《春琴抄》,,《樱树抽芽时，想你》,,"《李诞脱口秀工作手册》
《解体诸因》",,,,《少女中国》,,
18,蒋闪闪,《涉渡之舟》,《我们赖以生存的隐喻》,《世界在你心中》,《Feminism is for everybody》,《女神、娼妓、妻子与女奴》,《疾病的隐喻》,《迷失》,《思辨力三十五讲》,《论摄影》,《网路性猎场》,《米德尔马契》,《why i‘m no longer talking to white people about race》,《进烤箱的好日子》,《我身上有个不可战胜的夏天》,《长征》,《伴侣物种宣言》,《The Correspondent》,《呼啸山庄》,《公共人的衰落》,《要短句，亲爱的》,《浮出历史地表》,《莉莉亚娜不可战胜的夏天》,《Things in nature merely grow》,"《The master's toolwill never dismantle the master's house》
《真正的归宿》",《历史与阶级意识》,《独居日记》,《面对现代世界问题的人类学》,《置身事内》,《all her fault》,,
19,半岛铁盒,《暗处的女儿》,《一个女人的故事》,《白鹤亮翅》,《收留》,《天色已晚》,《罐头厂街》,《最后一次暗杀》,《一个行旅死亡人的故事》,《逃离的人》,《我从凉山来》,《露西娅逃离的29个春天》,《进烤箱的好日子》,《不消费的一年》,《天涯过客》,《我是寨子里长大的女孩》,《林门郑氏》,《茶马古道》,《一个阿富汗女人的再次来信》,《三只瞎老鼠》,《阿加莎·克里斯蒂自传》,《阿加莎·克里斯蒂自传》,《南苏丹》,《白雪猪头》,"《钟形罩》
《梅里雪山》",,"《四签名》
《九篇雪》",《假装上班这三年》,,《圣母》,"《三万美金的遗产》
《老虎，老虎》",
20,薯条,《容易忘记的名字》,《手机大脑》,《被争夺的身体》,,《猫舔过的伤口》,《难民》,《我们最幸福》,《塔尔奎尼亚的小马》,《竹林姐妹》,"《占据》
《天色已晚》
《简单的激情》《网路性猎场》
《在蓝色的田野上》",《无法忍受谎言的人》,"《弗兰肯斯坦》
《来自寨子里的姑娘》
《育儿放弃》",《看见》,《我无惧声名狼藉》,《推销员之死》,《莉莉亚娜不可战胜的夏天》,"《她来自马里乌波尔》
《献灯使》",《白鹤亮翅》,《美国的反智传统》,《长征》,,《老后破产》,《变成怪物的年轻一代》,,《温德米尔夫人的扇子》,《一切愁云消散》,《钟形罩》,,《弃儿》,《黄色墙纸》,
21,春日不迟（移除）,,,,,《阅读是砍向我们内心冰封大海的斧头》,,《阅读是砍向我们内心冰封大海的斧头》,,《绿毛水怪》,"《咖喱的女神》
《隐形墨水》","《咖喱的女神》
《黄油》",,,《黄油》,《明亮的夜晚》,,《明亮的夜晚》,《阿特伍德写作课》,,《国画的细节》,,,《圣母》,《布洛克小说写作手册》,《创意行为》,《创意行为·存在即答案》,《伍尔夫阅读课》,,《今天我想要什么》,,
22,逢舟,《谁能在俄罗斯过好日子》,《合租人颂歌》,"《懒惰的权利》
《那个已然饱和的夏天》",《九故事》,《五四婚姻》,《我是寨子里长大的女孩》,《竹林姐妹》,《天色已晚》,《母女关系的精神分析》,《刚刚离开的世界》,《好骨头》,"《其中一句是谎言》
 《玫瑰朝上：来自加沙的诗》",《火中遗物》,《进烤箱的好日子》,《她们赢了，然后呢》,《1789年大恐慌》,《瓦伦蒂诺》,《黄油》,《一间自己的房间》《自己的房子》,《谜一样的青年》,《厌女》,《生活的代价》,"《90后的她》
《黄色墙纸》",《莉莉亚娜不可战胜的夏天》,《拥有快乐的秘密》,《这里是亚美子》,《君幸食》,《欢迎光临休南洞书店》,《未死之身：一位乳腺癌病人的生死独白》,《抓落叶》,
23,不系之舟,《Savage Summit》,《白轮船》,《奔跑吧爸爸》,《芭比迷思》,《心是孤独的猎手》,《苹果是怎样长成的》,《在细雨中呼喊》,《天朝的崩溃》,《电影，我略知一二》,《海鸥才不管那么多》,《进烤箱的好日子》,《鲭鱼》,《半夜三更居然要吃香蕉》,"《记一忘三二》
《余光中散文》",《彼时与四季馥郁相会》,,《超越身体边界》,,《爱、鸡尾酒与生化危机》,,《要命还是要灵魂》,《莉莉亚娜不可战胜的夏天》,《跑外卖》,《海子的诗》,《伊藤润二的恐怖术》,《给麻风病人的吻》,"《她来劈开这山》
《波兰人》
《棋王》",《子弹头列车》,《与古为徒和娟娟发屋》,《娜拉在中国》,
24,鹤山,《躲在蚊子后面的大象》,,《云水一年》,《由蜜月到反目：苏联专家在中国》,,《人文草木》,,《李太白全集》,,《器官之书》,,《李贺集》,,《消失的公主》,,《未曾叙说》,,《欲望的演化》,《绿眼睛》,,《他们来到巴格达》,《长安与河北之间》,《焦虑的人》,《试探黑夜》,,《灯塔》,《园丁集》,《脏活》,,《论心灵之安宁》,
25,白雪,,《毛泽东传》,,《她们的呐喊》,,《太平公主和她的时代》,《性沟》,,,《安定此心》,《我是寨子里长大的女孩》,《生死场》,,《一小时读懂黄金投资》,《武则天研究》,《一个女人的二十四小时》,,,《长书当诉》,《往里走，安顿自己》,《生育制度》,《伪满洲国》,《伪满洲国》,《伪满洲国》,《我走不出我的黑夜》,"《群山之巅》
《今天我不愿面对自己》",,,《群山之巅》,,
26,潘酱,,《爱，鸡尾酒和生化危机》,"《时代的精神状况》
《对女性的恐惧》",《时代的精神状况》,《旧制度与大革命》,《雌犬》,"《天色已晚》
《钟形罩》","《黄色墙纸》
《Women's conflicts about eating and sexuality》",《竹林姐妹》,《收留》,"《羞耻》
《占据》","《我们内心的冲突》
《被冻住的女人》","《事件》
《爱欲之死》
《进烤箱的好日子》","《她弥留之际》
《暗处的女儿》",《我走不出我的黑夜》,《运动改造大脑》,《抗炎生活》,,《沉思的生活，或无所事事》,《初恋》,《形影不离》,"《我永远也当不了大人》
《我以为这辈子完蛋了》
《无人生还》","《简单的激情》
《生活的代价》
《藻海无边》",《涅朵奇卡》,《狐狸那时已是猎人》,《金阁寺》,,,"《即使以最微弱的光》
《剑风传奇》",,
27,🐯,《道顿崛川》,《福》,《母与子》,《无名的裘德》,《光明共和国》,《车上的女儿》,《你好，忧愁》,《爱，鸡尾酒与生化危机》,《某种微笑》,《鹿鸣馆》,《其中一种是谎言》,《农民自杀研究》,《房思琪的初恋乐园》,《进烤箱的好日子》,《梦珂》,《植物妻子》,《林门郑氏》,"《一个男人的位置》
《治愈隐性虐待》",《我不想知道的事》,《长岛》,《布鲁克林》,《自恋自伤的精神分析》,《Blue》,《捕云记》,"《猫咪会吃掉我的眼珠子吗》
《圣诞忆旧集》","《爱丽尔》
《濒临狂野的心》",《如果我们无法以光速前行》,《献灯使》,"《即使以最微弱的光》
《年轻的心在哭泣》",,
28,yugami,《控糖革命》,"《老派少女购物路线》
《俗女养成记》",《九诗心·黑暗里的文学启明》,"《私人生活》
《林门郑氏》",《看见》,"《我才不想做家务》
《小狗钱钱》",《金色梦乡》,《如首无作祟之物》,《驼背》,"《克莱因壶》
《北京地铁站名掌故》",《如果我们无法以光速前进》,《鱼不存在》,《潮汕文化源流》,《魍魉之匣》,《姑获鸟之夏》,《醉步男》,《地粮·新粮》,《被遗弃的日子》,《页边与听写》,《新名字的故事》,《小说榫卯》,《凤凰籽》,《要命还是要灵魂》,《哲学家的最后一课》,《白》,《陆小凤传奇》,《子夜》,《舟山老味道》,《东京八平米》,《心》,
29,窝窝头/wwto,,《女歌手约瑟芬或耗子民族》,,,《一个小女子》,《女性与权力》,,《女性与权利》,,《战略管理》,《战略管理》,,,《战略管理》,《战略管理》,,《战略管理》,,《战略管理》,,《战略管理》,,《战略管理》,《战略管理》,《管理学》,,,《管理学》,,《管理学》,
30,笑/阿慢,《金钱心理学》,《明亮的夜晚》,,《她对此感到厌烦》,,《她对此感到厌烦》,《我要快乐，不必正常》,《阿加莎克里斯蒂的真实人生》,,《羞耻》,《我走不出我的黑夜》,《进烤箱的好日子》,,《我要快乐，不必正常》,《被遗弃的日子》,,,"《始于极限》
《被遗弃的日子》",,《我要快乐，不必正常》,,《橘子不是唯一的水果》,《橘子不是唯一的水果》,,《看那些灯光，亲爱的》,《她对此感到厌烦》,,"《她对此感到厌烦》
《做自己 不忐忑》",《上海的狐步舞》,,
31,糯米大福说她会,《飞魂》,《猫眼》,《也不知道谁更疯：一名精神科医生的精神之旅》,《占据》,《人的境况》,《白鹤亮翅》,《迷失》,《白夜》,"《植物妻子》
《羞耻》",《进烤箱的好日子》,《和语言的漫步日记》,《挽救计划》,《通往奴役之路》,《通往奴役之路》,《母语之外的旅行》,《命若朝霜》,《呼啸山庄》,《文本盗猎者》,《唐后期皇权问题研究》,《如此陌生而奇异》,《中国如何跳出贫困陷阱》,《我身体里的人造星星》,《李斯佩克朵时刻》,《文明、现代化、价值投资与中国》,"《中国如何跳出贫困陷阱》
《建筑师》","《献灯使》
《面对现代世界的人类学》",,《檀香刑》,"《欧里庇得斯悲剧2:美狄亚》
《午夜北平：民国奇案1937》","《太多值得思考的食物》
《捕云记》",
32,海豹,《生活的艺术》,,《蚁群》,,《地下世界》,,《地下世界》,《道德浪女》,,,《遇见动物的时刻》,,《古道》,,《女性，战争与回忆》,,《天生有罪》,,《动物生活史》,,《油炸绿番茄》,,《木屋奇案》,《掌控边界》,《纸帐篷》,《纸帐篷》,,《内海渔夫》,,,
33,馒头🐳,《奥兰多》,《迷路时捡到了星星》,《盲刺客》,,,《艺术家比你看到的多在哪儿》,《半小时讲逻辑学》,,,《白鹤亮翅》,《恶棍列传》,,《有一年》,《视觉美食家》,,《像马一样思考》,《小红书爆款规律》,,《羊奶煮羊羔》,《毛泽东选集》,《龙与地下铁》,《我以为这辈子完蛋了》,,,《火锅开涮》,,《素食者》,《娜斯佳的眼泪》,,,
34,sn（移除）,,,,,,,《犹在镜中》,,,《生育制度》,,,《欧丽娟品读古诗词》,,,《乡土中国》,,,《瘸腿魔鬼》,《可能性的艺术》,,,《逊色：科学对女性做错了什么》,,《你当像鸟飞向你的山》,,《逃避自由》,,,《神的九十亿个名字》,
35,在,《北平无战事》,《人形的深渊》,,《我从凉山来》,《北平无战事》,‘,《包法利夫人》,《我是寨子里长大的女孩》,《中亚纪行》,《我的阿勒泰》,《小巷人家》,《平等悖论》,《东方快车谋杀案》,《凯列班与女巫》,《简爱》,《简爱》,《雪地上的女尸》,《傲慢与偏见》,"《一个阿富汗女人的来信》
《呼啸山庄》",《长征》,《看见》,《五只小猪》,《十角馆事件》,《克莱因壶》,《一群穷孩子的人生实验》,《飘》,《飘》,《飘》,《飘》,《飘》,
36,GYT（移除）,,,,,《工厂日记》,,《物》,,,《看见》,《独自上场》,,《夜航西飞》,,《世界金融史》,《林奕含文集》,,《小径分叉的花园》,《如何阅读一棵树》,,《如何阅读一棵树》,《拯救华尔街》,,《拯救华尔街》,《寄居者》,,《即使以最微弱的光》,,《安迪·沃霍尔》,,
37,我有一个计划做一个疯子,《白夜》,《克拉克森的农场》,《脂粉帝国》,《长日将尽》,《血疫》,《牛虻》,《间谍与叛徒》,《大众文化的女性主义指南》,《把自己作为方法》,《一百年，许多人，许多事》,《南方高速》,《暮色将尽》,《亢奋战》,《这是可以说的吗》,《苦涩的灵药》,《梦幻之街》,《沉默的麻风村往事》,《有人跳舞》,《大明王朝1566》,《大明王朝1566》,《大明王朝1566》,《相约星期二》,《蒙马特遗书》,《鳄鱼手记》,《漂亮朋友》,《同意》,《夜航西飞》,《波伏娃访谈录》,《一个无政府主义者的意外死亡》,《寂寞的游戏》,
38,Candice森,《Savage Summit》,《对女性的恐惧》,"《九故事》
 《我可以被拥抱吗？因为太过寂寞而叫了蕾丝边应召》",《惊人的蔬菜汤》,"《她们的突围》
《我们偏要大声点》
《真希望全家不生病》",《果实种子观察手册》,"《老派少女购物路线》
《我值得一个美好的春天》
《对着生活说略略略》",《如他们所说的，或什么都不是》,"《初恋》
《空衣橱》",《她一个人也很完整》,《血孩子》,《羌在汉藏之间》,"《爱的五种语言》
《进烤箱的好日子》",《波伏瓦访谈录》,《独自上场》,《父权制应激障碍》,《以日为鉴》,《黄色墙纸》,"《自然死亡调查科》
《纳瓦尔宝典》","《长征》
《中国妖鬼》",《形影不离》,"《快乐的死》
《成为波伏瓦》",《静候葡萄成熟时》,"《简单的激情》
《女性与社会权力系统》","《看那些灯光，亲爱的》
《献灯使》",《沧城》,《夜航西飞》,《九篇雪》,《雪的练习生》,《红颜来处是长安》,
39,Mian,《爱，为什么痛》,,,《女子贫困》,,《被遗弃的日子》,,,《进烤箱的好日子》,,《东京八平米》,,,《使女的故事》,,,《沉没的麻风村往事》,,,,《我已与一万株白桦树相逢》,,《你的夏天还好吗》,,《疾病的隐喻》,,《在家和彼岸之间》,,,,
40,書盡,《纷乱的心灵》,"《身体会替你说不：内心隐藏的压力如何损害健康》
《空洞的心》",,,"《你经历了什么》
《身体从未忘记》",,,《挽救计划》,《思考，快与慢》,,,《黑天鹅》,,《反脆弱》,,《非暴力沟通》,,《只为一碗好面》,,《不原谅也没关系》,《白色巨塔》,,《世界那么大，我想到处躺》,《吃着吃着就老了》,,《君幸食》,,《俱是看花人》,《十三邀：我们时代的头脑和心灵》,,
41,琉璃,,,《愤怒的葡萄》,《略萨谈博尔赫斯》,"《窄门》
《背德者》",《卡拉马佐夫兄弟》,,,,《卡拉马佐夫兄弟》,《如何抑止女性写作》,,《才女之累》,,,《布鲁克林有颗树》,,《肠子的小心思》,《一个故事的99种讲法》,《一个人的朝圣》,,《战斗细胞》,《如何假装懂音乐》,,《女人们的谈话》,《永恒的礼物》,,,,《明亮的夜晚》,
42,青衣呀,《空间的美术史》,《少年来了》,,《日常生活中的自我呈现》,《狐狸》,《涉渡之舟》,,《林门郑氏》,《人类的破坏性分析》,,,《长得好看能当饭吃吗》,《区判》,《涉渡之舟》,《进入诗歌》,,《长征》,《日常生活中的自我呈现》,《好运设计》,《女权主义在中国的翻译历程》,《美术名作二十讲》,《穿越镜子》,《汉娜·阿伦特》,《和瓦尔泽一起散步》,《赞美闲散》,《恋地情结》,"《碎片》
《油炸绿番茄》",《油炸绿番茄》,《她们自己的文学》,,
43,N./皮卡,,《大国的政治悲剧》,,,《我的情报与外交生涯》,,,《恶童日记》,,,《历史的地理枢纽》,《圣母》,,《作者不详》,,《正义的成本》,,《青年们读马克思吧》,,《制造贫困》,,《金字塔原理》,,《海上无航标》,,《紫颜色》,《我在废土世界扫垃圾》,《我在废土世界扫垃圾》,《家庭、私有制和国家的起源》,,
44,🐇（退群）,,,,,《鼠族》,《不要踏入流量的河》,,,,《女儿红》,,《女儿红》,,《女儿红》,,,《使女的故事》,,《湖水永远不会甜》,《对我无害之人》,,,《对我无害之人》,《暗处的女儿》,《我的骨头没有忘记》,《在阿尔巴尼亚长大》,,《雅各的房间》,《在阿尔巴尼亚长大》,《苔蕾丝·德斯盖鲁》,
45,自渡,"《亲爱的波伏瓦》
《成为波伏瓦》",,,"《人生借阅室》
《种子∶走出迷茫，找到人生和工作的意义》",,《幸福的方法2》,《我值得一个美好的春天》,《君幸食》,《给麻风病人的吻》,《玛格丽特·阿特伍德》,《艾丽斯·沃克》,"《热锅上的家庭》
《杀死自己……崔恩荣》
《隐墙》《血孩子》",,,《达洛维太太》,"《脑子不会好好睡》
《失语者》",《饮食代谢力》,《她来自马里乌波尔》,《闭经记》,《我，厌男》,,"《文学之冬》
《逃避自由》
《柳如是传》",《黑麦奇案》,,"《恶女的告白》
《记一忘三二》
《彩云之南》",,,《那个苹果也很好》,,,
46,游鱼,,《温柔的夜》,,《宠物侦探故事集》,,《深度数位大扫除》,,,,《俗世奇人》,,,《渊海子平》,,,,《素履之往》,,,《想天气好时去海边》,,《诗人十四个》,,《给孩子们的诗园》,,《万物自洽法则》,《家庭摄影》,,《彷徨》,,
47,Eleanor,,,《微物之神》,,,《关于女儿》,《康熙的红票》,,,《呼啸山庄》,,,《进烤箱的好日子》,,,《虽然会胖，但是还是想吃完炸鸡再睡》,,,《莉莉亚娜不可战胜的夏天》,《我需要女性主义吗》,,,《要命还是要灵魂》,,,《那不勒斯四部曲》,,《投资第一课》,《我在废土世界扫垃圾》,,
48,阎倾,《我希望我女儿活得“自私”》,,《看那些灯光，亲爱的》,《我们何以不同：人格心理学40讲》,《我，厌男》,《职场女性》,《从提问到输出》,,,"《强治理与弱治理》
《我收养了一个朋友》",,,《进烤箱的好日子》,,"《女性，战争与回忆》
《基层中国的运行逻辑》",《她来自马里乌波尔》,《我的母亲做保洁》,《语言恶女》,,《语言恶女》,,《鱼翅与花椒》,,《老昆明》,《阅读浪漫小说》,,"《谁来决定吃什么》
《权力结构、政治激励和经济增长》",,,《我在底层的生活》,
49,🍇,《孔雀菩提》,,《金钱心理学》,"《我，厌男》
《挽救计划》",《挽救计划》,,,,,《深度关系》,《时间的游戏》,,《进烤箱的好日子》,《置身事内》,《万历十五年》,《你一生的故事》,,《抓落叶》,,《长征》,《根西岛文学和土豆皮馅饼俱乐部》,,《根西岛文学和土豆皮馅饼俱乐部》,《中国哲学简史》,,《走夜路请放声歌唱》,《世界上最美的溺水者》,《世界上最美的溺水者》,,"《即使以最微弱的光》
《中国哲学简史》",
50,是鹿不是璐,《群山之巅》,,《她的国》,,《大众文化的女性主义指南》,《Driven》,《这是可以说的吗》,《黄色墙纸》,《挣脱：一个律师的女性辩护记录》,《白夜》,《你是尘埃也是光》,,《露西娅逃离的29个春天》,《香蕉、沙滩与基地》,《迪士尼乐园清洁工日记》,《一个阿富汗女人的来信》,《四魔头》,"《妇女、家庭与法律实践》
《陌生的阿富汗》",《罗杰疑案》,,《少年来了》,"《最蓝的眼睛》
《高尔夫球场命案》",《紫颜色》,"《窄门》
《跑外卖》",《雌犬》,,"《淘淘日记》
《成为忒弥斯》",,《教一只猞狸忘记动物园》,"《战争哀歌》
《女性乌托邦》",
51,大琳,"《快乐的死》
《收留》","《小羊吃了星期一二三四五》
《事件》",《不吠》,《刚刚离开的世界》,《天色已晚》,"《东京八平米》
《一个女孩的记忆》
《一个男人的位置》",《小碎肉末》,《女人们的谈话》,《她来劈开这座山》《林门郑氏》,"《他们涉海而来》
《派对恐惧症》",《777》,,"《海鸥才不管那么多》
《疼痛部》
《这是可以说的吗》",,"《不消费的一年》
《嫌疑人来喝下午茶》","《虽然会胖，但是还是想吃完炸鸡再睡》
《进烤箱的好日子》
《毒巧克力命案》",,,"《一个女人一生中的二十四小时》
《此生，你我皆短暂灿烂》",,《坏牙》,,"《白鹤亮翅》
《卢克明偷偷一笑》",《我的骨头没有忘记》,,"《结婚由我》
《第八日的蝉》","《孤岛上的两人》
《自己的房子》
《狐狸在夜晚来临》",,《生命与味觉》,,
52,梨花先雪,,,《北京纪胜》,,《房思琪的初恋乐园》,《钟形罩》,,,《宫女谈往录》,《马可瓦尔多》,《湖水永远不会甜》,,《进烤箱的好日子》,《双药记》,《活出生命的意义》,《束草的冬天》,,,"《击壤歌》
《她们的唐朝》",,《哀悼乳房》,《隐蔽的光景》,《看那些灯光，亲爱的》,《爱你就像爱生命》,《女性与社会权力系统》,"《逃离》
《我是落花生的女儿》",,,"《我在废土世界扫垃圾》
《包法利夫人》",,
53,语不惊人死不休,《宇宙无事发生》,《分成两半的子爵》,《死亡护理师》,《黄油》,,,《美丽新世界》,,,《恶女的告白》,《山茶文具店》,,《进烤箱的好日子》,《被嫌弃的松子的一生》,《被嫌弃的松子的一生》,《你也喜欢勃拉姆斯吗》,,《足利女童连续失踪案》,《桶川跟踪狂杀人事件》,《失控的玩具》,《作者不详》,《绝叫》,《绝叫》,《西线无战事》,《西线无战事》,《油炸绿番茄》,"《X的悲剧》
《往复书简》",,《眠》,《作者不详 上》,
54,加油啃书的李秋天（移除）,,,,《黄油》,,《流金岁月》,,,《了不起的狐狸爸爸》,,《你好旧时光》,,,《冷到下雪》,,,《闪灵》,,《错误的喜剧》,,,《82年生的金智英》,,《肠子的小心思》,《飘》,《控方证人》,,《潘金莲之前世今生》,,《胭脂扣》,
55,卯（移除）,,,,,《海鸥才不管那么多》,,,《痛快的日子》,,,《海风中失落的血色馈赠》,,,《黄色墙纸》,,,《帷幕》,,《她弥留之际》,,,《香水巡礼》,,,《乌贼骨：蒙塔莱诗集》,,《我的骨头没有忘记》,,阿尔吉侬、查理与我：我的创始回忆和小说初始版》,,
56,大葫芦（退群）,,,,,,,,,,,,《罗马人的故事全集》,《罗马人的故事全集15》,《罗马人故事全集15》,《罗马人的故事全集15》,,,《罗马人故事全集15》,《罗马人故事全集15》,《罗马人故事全集15》,《罗马人故事全集15》,《欧丽娟品读古诗词》,《中国大历史：先秦史》,,,"《逃避自由》
《赞美闲散》",《佛学与中医学》,《理解人性》,《一切愁云消散》,《人性论》,
57,z,,,《雨》,《雷雨》,,,《雨季不再来》,,,,《第十三章》,《步履不停》,,,,《没有悲伤的城市》,,,,《格外的活法》,《是家人，也是凶手》,,,《我是寨子里长大的女孩》,,《小狗钱钱》,,,《毛毛：时间窃贼和一个小女孩的不可思议的故事》,,
58,静溪,,《葬礼之后》,,"《我选择独自一人》
《记一忘三二》",,,《猫舔过伤口》,《她弥留之际》,《我收养了一个朋友》,《糜骨之壤》,《百合圣经》,,《想想就开心》,,《献灯使》,"《东京八平米》
《赤脚医生》《错爱》
《猫的摇篮》",《俗女养成记》,《把晚餐放进抽屉》,《河流之齿》,,,《加勒比海之谜》,《事件》,《寻找声音》,"《大众文化的女性主义指南》
《双生溺影》
《看那些灯光，亲爱的》",,《钟形罩》,,《Glitch Feminism》,,
59,雪落于水🐹,《黄色墙纸》,,,《像人类学家一样思考》,,《天真的人类学家》,,,,《我走不出我的黑夜》,,,《进烤箱的好日子》,《卡拉马佐夫兄弟》,,,,,"《明亮的夜晚》
《罗杰疑案》",,,《城市散步学》,,,《存在主义是一种人道主义》,,《夜晚的潜水艇》,,,,
60,桃李（移除）,,,,,,,,,,《写作与生活》,《油炸绿番茄》,,,《一生之敌》,《捕云记》,,,《黄油》,,《Things in Nature Merely Grow》,"《即使以最微弱的光》
《生活的代价》",《流行音乐与资本主义》,《即使以最微弱的光》,"《别想摆脱书》
《春谬集》
《看那些灯光，亲爱的》",《“娜拉”在中国》,"《根西岛文学和土豆皮馅饼俱乐部》
《献灯使》
《君幸食》",《钟形罩》,《盐、脂肪、酸、热》,,,
61,金鱼,《Femlandia》,《外面的世界》,《在其他的世界》,《疯癫亚当》,《事件》,《洪水之年》,《简单的激情》,《小说的艺术》,《对我无害之人》,《对我无害之人》,《羚羊与秧鸡》,《我在伊朗长大》,《荒木飞吕彦的漫画术》,"《一个阿富汗女人的来信》
《血孩子》",《如何创作科幻小说与奇幻小说》,《中国历代政治得失》,《中国历代政治得失》,《小说面面观》,"《纸帐篷》
《黑暗中的谋杀》",《好骨头》,《豹》,《雪的练习生》,,《对我无害之人》,,,《献灯使》,《我，厌男》,,,
62,白日梦εïзᝰ（移除）,,,,,,,,,,《拒绝参加游戏》,《心的散步》,,《山茶文具店》,,《要有光》,,《痛快的日子》,《要命还是要灵魂》,《天赋如此》,《加勒比海之谜》,《灰雁的四季》,《复仇女神》,,"《寻味东西》
《简单的激情》","《女性卫生用品的社会史》
《一个人的悠闲时光》",,"《林门郑氏》
《即使不努力》",,《明亮的夜晚》,,
63,烤全鱼烧鸡（移除）,,,,《克莱因壶》,《流俗地》,,《涅朵奇卡》,,《白夜》,,《进烤箱的好日子》,,,《呼啸山庄》,《帷幕》,,,《遥远的向日葵地》,《巷里林泉》,《记一忘三二》,,,《莉莉亚娜不可战胜的夏天》,《生活的代价》,《五只小猪》,,,《爱情和其他魔鬼》,,,
64,沙拉酱,《安定此心》,《屁事也疯狂》,,《密室黄金时代的杀人事件》,,《睡眠革命》,,,《人机对齐》,,,《傲慢与偏见》,《地铁2033》,,《黄金案》,,"《象之首》
《神奇的魁地奇球》",,,"《黄油》
《自然死亡调查科》",《高楼坠我》,《死线已是十天前》,《去家访》,,《父亲的解放日志》,《扶贫手记》,,,《第十三层空间》,,
65,孙雪竹,,《十八岁出门远行》,,《中国古代文化常识》,,《谁把世界糟蹋成这样》,,,《厌女》,《了凡四训》,,,《生育制度》,,《素食者》,,《马王堆考古手记》,,《透过地理看历史》,,《灸绳》,《可能性的艺术》,,,《有本事》,,,《八大危机》,,,
66,Miraitowa,,《乌合之众》,,《控糖革命》,,《贪婪的多巴胺》,,,《愤怒的葡萄》,,《特雷庇姑娘》,,《中国历代政治得失》,,"《芯片战争》
《乡土中国》",,,《置身事内》,"《克林索尔最后的夏天》
《暮色将尽》",《死魂灵》,《死魂灵》,《一个女人的故事》,,《父权制与资本主义》,《雪国》,《钟形罩》,,《以日为鉴》,,,
67,李蛋卷,《我的阿勒泰》,《高尔夫球场命案》,《出走的娜拉：萧红与她漫长的冬夜》,《告白》,《1367》,,《纵乐的困惑》,《呼兰河传》,《午餐酒1》,《一个女人的故事》,《斯泰尔斯庄园奇案》,《我的骨头没有忘记》,"《玻璃之锤》
《进烤箱的好日子》",《时空旅行者的沙漏》,《长征》,《莉莉亚娜不可战胜的夏天》,《马洛谋杀俱乐部》,,《十九年间谋杀小叙》,《体育馆之谜》,《献给名侦探的甜美死亡》,"《罗杰疑案》
《根西岛文学和土豆皮馅饼俱乐部》",《九诗心》,《看那些灯光，亲爱的》,《Blue》,《天真的人类学家》,,,,,
68,关关（退）,,,,,,,《世上为什么要有图书馆》,,,,《女性与社会权力系统》,,"《未经删节》
《她的国》","《使女的故事》
《盐镇》
《这是可以说的吗》
《伐木：一场情感波澜》",《父权制应激障碍》,"《黄色墙纸》
《还可以的金女士》",,《控糖革命》,"《我，厌男》
《爱说教的男人》
《你的孩子不是你的孩子》",,"《女孩之城》
《生活的代价》","《她厌男，她是我女友》
《蝇王》","《父权制与资本主义》
《团圆记》
《我灵魂里的女性》",《我才不要做家务》,《成为波伏瓦》,,,,,,
69,半个西瓜,《我是在寨子里长大的女孩 》,,《猫舔过伤口》,,,《不在他方》,,《流俗地》,,《占据》,,《事件》,《进烤箱的好日子》,《玩笑》,《玩笑》,《她弥留之际》,《人鼠之间》,,,《生活的代价》,,《漫游在雨中池塘》,,《老派少女购物路线》,《老派少女购物路线》,《关于偶像，一边纠结一边思考》,,,,,
70,杳夭（移除）,,,,,,,,,,,,,,,,《林门郑氏》,,,,《明暗》,,,《我的天才女友》,,《生活，写下来吧》,,,,,,
70,小林吃鱼（移除）,,,,,,,,《变形记》,,,《局外人》,,,,《新首尔公园软糖嘉年华》,,,《许三观卖血记》,,,,,《任意车站》,,,,,,,,
71,晶 💜Jill,《Zoc》,,《艺术与科学》,《成为你自己》,《达洛维夫人》,"《飞奔的物种》
《伍尔夫随笔全集》",《刺绣》,《这是可以说的吗》,"《一层层》
《第一堂课》
《破局者》","《弗吉尼亚·伍尔夫传：作家的一生》
《日光明照》
《破局者》
《奥兰多》",《收留》,"《迷宫饭》
《中国纹样史》","《巴黎有座艺术桥》
《人类学》",《缝身》,《奥兰多》,"《一间自己的房间》
《灵魂有香气的女子》
《人类学》","《区判》
《社交天性》
《浅野一二〇》","《区判》
《消失的日子》",《一间自己的房间》,《区判》,"《园丁与木匠》
《乡愁》","《道德动物》
《网络心理学》","《游鸭》
《如何为爱立界限》
《稀缺》","《真实的幸福》
《隐秘的知识》",,,,,,,
72,昭（移除）,,,,,,,,,,,,,,,《复明症漫记》,《失明症漫记》,"《天朝的崩溃》
《绝叫》",《牛虻》,《葬礼过后》,《卧榻之侧》,《看那些灯光，亲爱的》,"《恶女的告白》
《特洛伊的海伦》
《小妇人》",,"《电子竞技不相信女性》
《根西岛文学与土豆皮馅饼俱乐部》",,,,,,,
73,Oneiros,,《她们的呐喊》,,《暗处的女儿》,,《失语者》,,《女女女》,,《页边与听写》,,,《糜骨之壤》,《献灯使》,《唯余细节》,《到灯塔去》,《猫的摇篮》,,《血缘》,,《我选择独自一人》,《加勒比海之谜》,《要命还是要灵魂》,,,,,,,,
74,豆本豆,,,《隐谷路》,,《李尔王》,,《怪屋谜案2》,,,《新摄影笔记》,,《长夜难明》,,,《杀夫》,,《1367》,,《绝叫》,,《狗屁工作》,"《怪屋谜案》
《醉步男》",《尼罗河上的惨案》,,,,,,,,
76,yuko（移除）,,,,,,,,,,,,,,,,《Beloved》,,《论简奥斯丁》,"《魔山》
《培养想象》",,,《鹅之书》,《鹅之书》,,,,,,,,
75,kikyo,《导读齐泽克》,,《蛇结》,,《万尼亚舅舅》,,《驼背》,,《一个女孩的记忆》,,《挽救计划》,,《太古和其他时间》,,《九故事》,,《pink》,,,《欠踹的背影》,《罪与罚》,,《性权利》,,,,,,,,
76,ouo（退群）,,《暗处的女儿》,,,《罗杰疑案》,,《鹅之书》,,《蓝调石墙T》,,《收藏夹》,,《Both/and》,,《第二性》,,《会饮篇》,《Queer：A Graphic History》,,《空洞的心》,《情感依附》,,,,,,,,,,
79,小杜,,《钟形罩》,,《林门郑氏》,,《竹林姐妹》,"《拼团人生》
《爱，鸡尾酒与生化危机》",《天色已晚》,,,,,,,《关于女儿》,,,,《出生意愿确认》,,,,,,,,,,,,
77,斑斑,《永结无情游》,,《诗人十四个》,《巴别塔之犬》,《我们时代的神经症人格》,《苹果在中国》,《万千微尘纷坠心田》,"《母女关系的精神分析》
《也不知道谁更疯》","《简单的激情》
《束草的冬天》",《The right to write》,《献灯使》,《菜肉馄饨》,《唯余细节》,《Nobody's Girl》,《一半是火焰，一半是海水》,《逃出瓶子的精灵》,《拉康式主体》,《进烤箱的好日子》,《竹林姐妹》,《暗处的女儿》,,,,,,,,,,,
78,大麻鳽（移除）,,,,,,,,,,《从提问到输出》,,,,《地球尽头的温室》,,《如果我们不能以光速前行》,《明亮的夜晚》,,《素食者》,,,,,,,,,,,,
79,LAN,,《5%的挑战》,《不消费的一年》,,《事件》,,《碎银几两可解世界慌张》,《娜拉走后怎样》,《占据》,,《身体由我》,,,《呼啸山庄》,《轻舔丝绒》,,《当下的力量》,,,《中毒的父母》,,,,,,,,,,,
80,7,,,《她厌》,《她对此感到厌烦》,《一个女人一生中的二十四小时》,,,,《她对此感到厌烦》,,《续床边的小豆豆》,,《窗边的小豆豆》,,,,《卡拉马佐夫兄弟》,,,,,,,,,,,,,,
81,缪缪（移除）,,,,,《野棕榈》,,,"《酒吧长谈》
《第一炉香》",《愤怒的葡萄》,,"《鹿苑长春》
《明亮的夜晚》",,《族长的秋天》,"《送你一匹马》
《一间只属于自己的房间》",《她弥留之际》,《地下室手记》,《撒旦探戈》,,,,,,,,,,,,,,
82,Xu,《罗杰疑案》,,《九诗心：暗夜里的文学启明》,,《九诗心》,,《昨日的世界》,,,《昨日的世界》,,《进烤箱的好日子》,《明亮的夜晚》,,《心力》,《呼啸山庄》,《飘》,,,,,,,,,,,,,,
83,momo,,,《纳瓦尔宝典》,,《鱼不存在》,《一间只属于自己的房间》,,,《金钱心理学：财富、人性和幸福的永恒真相》,,《存在主义心理治疗》,《献灯使》,《进烤箱的好日子》,《她弥留之际》,,,,,,,,,,,,,,,,,
84,麻辣烫,《事件》《信仰》《九号的工作》《是谁把世界糟蹋成这样》,"《超越身体边界》
《刚刚离开的世界》
《少年来了》
《我，厌男》
《同意》
《猫舔过伤口》","《天色已晚》
《去她的父权制》
《海边的房间》",《神谕女士》,"《最蓝的眼睛》
《如她们所说的，或什么都不是》
《上野千鹤子的私房谈话》","《简单的激情》
《快乐影子之舞》
《让火箭起飞的女孩》
《纸帐篷》
《猫眼》","《此生未尽》
《从昨日醒来》","《西蒙娜美国纪行》
《黄色墙纸》","《爱尔娜》
《星辰时刻》","《一间只属于自己的房间》
《阿特伍德写作课》
《进烤箱的好日子》《好骨头》",《幕间》,"《收留》
《滔滔生活》","《我们内心的冲突》
《暗处的女儿》",《写作是一把刀》,"《自己的房子》
《魔角》
《弗吉尼亚读书笔记》
《我是寨子里长大的女孩》",,,,,,,,,,,,,,,,
85,柠檬（移除）,,,,,《反脆弱》,《走出剧情》,《卡片笔记》,《走出剧情》,《卡片笔记写作法》,《小狗钱钱》,"《不原谅也没关系》
《基层女性》
《小狗钱钱》",,《日常生活的自我呈现》,,"《她弥留之际》
《日常生活中的自我呈现》",,,,,,,,,,,,,,,,
86,山客,《早安，怪物》,《与神对话1》,,《做绘本的人》,《多谢不阅》,《费曼学习法》,,《心理咨询与治疗的理论及实践》,《3秒》,《心理咨询与治疗的理论及实践》,,《东京贫困女子》,《关于女儿》,,《空气吉他》,,,,,,,,,,,,,,,,
88,张张,《雨后大地》,《三千佛塔烟云下》,《龙王之怒》,,《从理想主义到经验主义》,"《笔耕与新耕》
《她们赢了，然后呢》
《天地九重》",,《中亚行纪》,《红星照耀中国》,"《职场之道》
《麦肯锡结构化战略思维》","《以日为鉴》
《追问》",《我重新出生的地方》,《学会提问，驾驭AI》,《不消费的一年》,,,,,,,,,,,,,,,,,
89,煜煜生慧（退群）,,,,,,《幸福之路》,,《张居正》,,,《在峡江的转弯处》,,,《从零开始的女性主义》,,,,,,,,,,,,,,,,,
90,Tina,,《长女病》,《暗处的女儿》,《被遗弃的日子》,《同学少年都不贱》,"《我的天才女友》
《新名字的故事》
《离开的，留下的》
《失踪的孩子》",《呼啸山庄》,《记忆的性别》,"《竹林姐妹》
《她一个人也很完整》
《变化的位面》",《记忆与认同》,"《脐带纪事》
《一个女人的故事》
《她们的西南联大岁月》",《烦人的爱》,"《少女中国》
《钟形罩》
《进烤箱的好日子》",,,,,,,,,,,,,,,,,,
91,miku,《卡拉马佐夫兄弟》,"《妖精配给公司》
《向坐着的人指控爱情》",,"《河的第三条岸》
《克拉克森的农场》
《她厌男，她是我女友》",《她厌3》,,《周四推理俱乐部》,,"《以日为鉴》
《如果我们无法以光速前行 》",《乞力马扎罗的雪》,,"《工作、消费主义和新穷人》
《进烤箱的好日子》","《黄油》
《油炸绿番茄》",,,,,,,,,,,,,,,,,,
92,Christine,,《怀旧的未来》,,《我无所畏惧：拯救埃及神庙的女考古学家》,,《命若朝霜》,,,,《身体的谎言》,,"《莉莉亚娜不可战胜的夏天》
《娜拉在中国》",《无薪主妇》,,,,,,,,,,,,,,,,,,
93,伊唯熙,《在中国大地上》,,,《细雪》,,《迈克尔·K的人生与时代》,,,"《占据》
《她来自马里乌波尔》",,《一个女人的故事》,,,,,,,,,,,,,,,,,,,,
94,崽:),《我的痛苦有名字吗》,,,《women and Russia》,,《chasing homer》,"《how we survived commuism and even laughed》
《globalization after the pandemic》
《八千湘女上天山》",,《永远的爱犬》,《鸿：三代中国女人的故事》,"《娜拉出走以后》
《Nobody's girl》",,,,,,,,,,,,,,,,,,,,
95,小明,《白鹿原》,,《呼兰河传》,,《倦怠社会》,,《她穿过风暴》,,《卡拉马佐夫斯基》,,《生育制度》,,,,,,,,,,,,,,,,,,,,
96,蔚天青（移除）,,,,《洗澡》,,,《置身事内》,,《江村经济》,,《金蔷薇》,,,,,,,,,,,,,,,,,,,,
97,F.,"《快乐的死》
《燃烧的秘密》
《某种微笑》
《一月后，一年后》
《你喜欢勃拉姆斯吗》
《你好，忧愁》
《狂乱》
《陆地的尽头，是海洋的开始》
《梦宫》","《火车梦》
《乌发碧眼》
《侦破我的命案》
《病隙碎笔》
《冬日笔记》
《葡萄牙的高山》","《约瑟夫·鲁兰的人生》
《波伏瓦访谈录》","《自己的房子》
《今和次郎/考现与采集》
《我不想知道的事》","《我给了你眼睛，你却望向迷雾》
《页边和听写》
《暗河》
《生活的代价》
《烦人的爱》","《进烤箱的好日子》
《我母亲的母亲》","《黄色墙纸》
《最初的爱情，最后的仪式》","《破碎的四月》
《我的青春之城》
《窄门》","《亲爱的波伏娃》
《活山》
《不宽恕者迷宫》","《一个阿富汗女人的来信》
《缝纫机与金鱼》
《新首尔乐园软糖嘉年华》
《出走的娜拉》
《大雪降至》
《隐形墨水》",《坐在走廊的男人》,,,,,,,,,,,,,,,,,,,,
98,若相惜（请假？）,,,"《献灯使》
《低智商犯罪》
《她对此感到厌烦》",《索拉里斯星》,《红楼梦》,,,"《我的忐忑人生》
《冬牧场》","《你的夏天还好吗？》
《紫颜色》","《进烤箱的好日子》
《啸风山庄》",,,,,,,,,,,,,,,,,,,,,
99,十四亿分之一,《苔丝》,,《暴风骤雨》,,,《李有才板话》,《小二黑结婚》,,《春桃》,,,,,,,,,,,,,,,,,,,,,,
102,xxxxy,,《霍乱时期的爱情》,《厌女》,,《厌女》,,《我的天才女友》,,,,,,,,,,,,,,,,,,,,,,,,
103,Y（移除）,,,,,,《一间自己的房间》,《我的天才女友》,《给青年人的哲学十二讲》,,,,,,,,,,,,,,,,,,,,,,,
104,焦糖南瓜,《窄门》,,"《波伏瓦访谈录》
《东京八平米》",《北京法源寺》,,"《有且仅有》
《简单的激情》
《残虐记》
《明亮的夜晚》",,,,,,,,,,,,,,,,,,,,,,,,,
105,小小苏（移除）,,,,《了凡四训》,,"《康熙的红票》
《超越百岁》",,,,,,,,,,,,,,,,,,,,,,,,,
107,grey（退群）,,,,,,《中年之路》,《鹅之书》,,,,,,,,,,,,,,,,,,,,,,,,
109,HUI,《大明王朝1566》,,《小狗钱钱》,"《那不勒斯四部曲》
《黄金时代》",,《冬牧场》,《明亮的夜晚》,,,,,,,,,,,,,,,,,,,,,,,,
110,罗西,"《单身女性》
《她们何如逝去》
《谋杀启示》
《每一句话语都坐着别的眼睛》","《阁楼上的疯女人》
《伊加利亚的女儿们》
《团宠锦鲤三岁半》
《梦珂》",《阁楼上的疯女人》,"《是谁把世界糟蹋成这样》
《阁楼上的疯女人》","《母女关系的精神分析》
《刚刚离开的世界》
《神谕女士》","《形影不离》
《生活中无处不在的男性优先主义》",,,,,,,,,,,,,,,,,,,,,,,,,
111,樹,《野草在唱歌》,《盲刺客》,《抵挡太平洋的堤坝》,《女宾》,《进烤箱的好日子》,《钟形罩》,,,,,,,,,,,,,,,,,,,,,,,,,
112,OoO,,《暗处的女儿》,,《暗处的女儿》,《学习之道》,"《萤火虫小巷》
《荣格自传》",,,,,,,,,,,,,,,,,,,,,,,,,
113,吉祥如伊（移除）,,,,,,《面纱》,,,,,,,,,,,,,,,,,,,,,,,,,
114,昭昭,"《暗处的女儿》
《我离开以后》",,,"《桶川跟踪狂杀人事件》
《我们没有秘密》
《月球城市》","《猫舔过伤口》
《走出剧情》
《东京八平米》
《红发安妮》",《刀锋之心》,,,,,,,,,,,,,,,,,,,,,,,,,
115,小五,,《献给阿尔吉列侬的花束》,,《人类简史》,,,,,,,,,,,,,,,,,,,,,,,,,,,
116,^^,《大地上我们转瞬即逝的灿烂》,,《这里是亚美子》,《生命式》,《69》,,,,,,,,,,,,,,,,,,,,,,,,,,
117,一橙,,《不要因为走得太远而忘记为什么出发》,,,《亲密陷阱》,,,,,,,,,,,,,,,,,,,,,,,,,,
118,null,,《黑夜的狂欢》,,,,,,,,,,,,,,,,,,,,,,,,,,,,,
119,尖尖,"
《伊加利亚的女儿们》
",,,,,,,,,,,,,,,,,,,,,,,,,,,,,,
120,Double,,,,,,,,,,,,,,,,,,,,,,,,,,,,,,,
121,lea,,,,,,,,,,,,,,,,,,,,,,,,,,,,,,,
122,野荚蒾,,,,,,,,,,,,,,,,,,,,,,,,,,,,,,,
123,卷子粉粹机,,,,,,,,,,,,,,,,,,,,,,,,,,,,,,,
124,Angel Y.,,,,,,,,,,,,,,,,,,,,,,,,,,,,,,,
125,热带雨夜,,,,,,,,,,,,,,,,,,,,,,,,,,,,,,,
126,Lalalalala,,,,,,,,,,,,,,,,,,,,,,,,,,,,,,,
127,sunny,"《生命未被理解的真相》
《伊万·伊利奇之死》",,,,,,,,,,,,,,,,,,,,,,,,,,,,,,
,,,,,,,,,,,,,,,,,,,,,,,,,,,,,,,,
